{"cameraMode":{"drawMode":0,"name":"Shaded","section":"Shading Mode"},"sceneLighting":false,"audioPlay":false,"sceneViewState":{"m_AlwaysRefresh":false,"showFog":true,"showSkybox":false,"showFlares":true,"showImageEffects":true,"showParticleSystems":true,"showVisualEffectGraphs":true,"m_FxEnabled":true},"in2DMode":false,"pivot":{"x":0.3700000047683716,"y":12.043000221252442,"z":5.179999828338623},"rotation":{"x":0.09796393662691117,"y":-0.07456719130277634,"z":0.0073602162301540379,"w":0.9923688769340515},"size":0.34640994668006899,"orthographic":false}