{"cameraMode":{"drawMode":0,"name":"Shaded","section":"Shading Mode"},"sceneLighting":false,"audioPlay":false,"sceneViewState":{"m_AlwaysRefresh":false,"showFog":true,"showSkybox":false,"showFlares":true,"showImageEffects":true,"showParticleSystems":true,"showVisualEffectGraphs":true,"m_FxEnabled":true},"in2DMode":false,"pivot":{"x":-1.4630000591278077,"y":12.043000221252442,"z":5.179999828338623},"rotation":{"x":0.09989192336797714,"y":-0.09299325197935105,"z":0.009377103298902512,"w":0.9906023144721985},"size":0.34640997648239138,"orthographic":false}